{
  "minecraft:recipe_shaped" : {
    "result" : {
      "count" : 1,
      "data" : 0,
      "item" : "cc:bat_bomb"
    },
    "tags" : [
      "crafting_table"
    ],
    "key" : {
      "A" : {
        "item" : "minecraft:tnt"
      },
      "D" : {
        "item" : "minecraft:iron_block"
      },
      "B" : {
        "item" : "minecraft:coal_block"
      },
      "C" : {
        "item" : "minecraft:iron_ingot"
      }
    },
    "pattern" : [
      "ABC",
      "BD ",
      "C  "
    ],
    "description" : {
      "identifier" : "cc:bat_bomb_D71AE74F-A134-4589-A707-034ACF1CD56F"
    }
  },
  "format_version" : "1.10"
}