{
  "minecraft:recipe_shaped" : {
    "result" : {
      "count" : 1,
      "data" : 0,
      "item" : "cc:deadpool_sword"
    },
    "tags" : [
      "crafting_table"
    ],
    "key" : {
      "A" : {
        "item" : "minecraft:iron_sword"
      },
      "B" : {
        "item" : "minecraft:diamond"
      }
    },
    "pattern" : [
      " A ",
      " A ",
      " B "
    ],
    "description" : {
      "identifier" : "cc:deadpool_sword_BD98078D-06E2-4631-90FB-C143909368B6"
    }
  },
  "format_version" : "1.10"
}