{
  "minecraft:recipe_shaped" : {
    "result" : {
      "count" : 1,
      "data" : 0,
      "item" : "cc:dead_pool_armor"
    },
    "tags" : [
      "crafting_table"
    ],
    "key" : {
      "A" : {
        "item" : "minecraft:ender_eye"
      },
      "D" : {
        "item" : "minecraft:diamond_helmet"
      },
      "B" : {
        "item" : "minecraft:netherstar"
      },
      "C" : {
        "item" : "minecraft:netherite_ingot"
      }
    },
    "pattern" : [
      "ABA",
      "CDC",
      "ACA"
    ],
    "description" : {
      "identifier" : "cc:dead_pool_armor_665608F9-4CA7-4819-BCDA-4B9AE45EF694"
    }
  },
  "format_version" : "1.10"
}