{
  "minecraft:recipe_shaped" : {
    "result" : {
      "count" : 1,
      "data" : 0,
      "item" : "cc:green_arrows_bow"
    },
    "tags" : [
      "crafting_table"
    ],
    "key" : {
      "A" : {
        "item" : "minecraft:emerald"
      },
      "B" : {
        "item" : "minecraft:bow"
      }
    },
    "pattern" : [
      " A ",
      "ABA",
      " A "
    ],
    "description" : {
      "identifier" : "cc:green_arrows_bow_79D45B18-B336-4807-97A2-D253CA7B1FBA"
    }
  },
  "format_version" : "1.10"
}