{
  "minecraft:recipe_shaped" : {
    "result" : {
      "count" : 1,
      "data" : 0,
      "item" : "cc:iron_man_armor"
    },
    "tags" : [
      "crafting_table"
    ],
    "key" : {
      "A" : {
        "item" : "minecraft:gold_ingot"
      },
      "D" : {
        "item" : "minecraft:iron_helmet"
      },
      "B" : {
        "item" : "minecraft:ender_eye"
      },
      "E" : {
        "item" : "minecraft:diamond"
      },
      "C" : {
        "item" : "minecraft:redstone_block"
      }
    },
    "pattern" : [
      "ABA",
      "CDC",
      "CEC"
    ],
    "description" : {
      "identifier" : "cc:iron_man_armor_35352B16-AAE4-4B7E-90E9-B597672B3C1C"
    }
  },
  "format_version" : "1.10"
}