{
  "minecraft:recipe_shaped" : {
    "result" : {
      "count" : 1,
      "data" : 0,
      "item" : "cc:the_flash_armor"
    },
    "tags" : [
      "crafting_table"
    ],
    "key" : {
      "A" : {
        "item" : "minecraft:blaze_powder"
      },
      "B" : {
        "item" : "minecraft:feather"
      },
      "C" : {
        "item" : "minecraft:iron_helmet"
      }
    },
    "pattern" : [
      "ABA",
      "BCB",
      "ABA"
    ],
    "description" : {
      "identifier" : "cc:the_flash_armor_F1DC3CE7-2A11-48C8-8984-9FA3A44BF01B"
    }
  },
  "format_version" : "1.10"
}