{
  "animation_controllers" : {
    "controller.animation.bat_bomb" : {
      "initial_state" : "default",
      "states" : {
        "default" : {
          "on_entry" : [
            "@s bat_bomb:fire",
            "\/replaceitem entity @s slot.weapon.mainhand 0 cc:bat_bomb 1 2"
          ],
          "transitions" : [
            {
              "bat_bomb" : "query.get_equipped_item_name=='bat_bomb' && query.mark_variant == 1 && query.is_using_item"
            }
          ]
        },
        "bat_bomb" : {
          "on_entry" : [
            "@s bat_bomb:fire",
            "\/replaceitem entity @s slot.weapon.mainhand 0 cc:bat_bomb 1 1"
          ],
          "transitions" : [
            {
              "default" : "query.get_equipped_item_name=='bat_bomb' && query.mark_variant == 1 && query.is_using_item"
            }
          ]
        }
      }
    }
  },
  "format_version" : "1.10.0"
}