{
  "animation_controllers" : {
    "controller.animation.batarang" : {
      "initial_state" : "default",
      "states" : {
        "default" : {
          "on_entry" : [
            "@s batarang:fire",
            "\/replaceitem entity @s slot.weapon.mainhand 0 cc:batarang 1 2"
          ],
          "transitions" : [
            {
              "batarang" : "query.get_equipped_item_name=='batarang' && query.mark_variant == 1 && query.is_using_item"
            }
          ]
        },
        "batarang" : {
          "on_entry" : [
            "@s batarang:fire",
            "\/replaceitem entity @s slot.weapon.mainhand 0 cc:batarang 1 1"
          ],
          "transitions" : [
            {
              "default" : "query.get_equipped_item_name=='batarang' && query.mark_variant == 1 && query.is_using_item"
            }
          ]
        }
      }
    }
  },
  "format_version" : "1.10.0"
}