{
  "animation_controllers" : {
    "controller.animation.green_arrows_bow" : {
      "initial_state" : "default",
      "states" : {
        "default" : {
          "on_entry" : [
            "@s green_arrows_bow:fire",
            "\/replaceitem entity @s slot.weapon.mainhand 0 cc:green_arrows_bow 1 2"
          ],
          "transitions" : [
            {
              "green_arrows_bow" : "query.get_equipped_item_name=='green_arrows_bow' && query.mark_variant == 1 && query.is_using_item"
            }
          ]
        },
        "green_arrows_bow" : {
          "on_entry" : [
            "@s green_arrows_bow:fire",
            "\/replaceitem entity @s slot.weapon.mainhand 0 cc:green_arrows_bow 1 1"
          ],
          "transitions" : [
            {
              "default" : "query.get_equipped_item_name=='green_arrows_bow' && query.mark_variant == 1 && query.is_using_item"
            }
          ]
        }
      }
    }
  },
  "format_version" : "1.10.0"
}