{
  "animation_controllers" : {
    "controller.animation.thor_hammer" : {
      "initial_state" : "default",
      "states" : {
        "default" : {
          "on_entry" : [
            "/function thor_hammer"
          ],
          "transitions" : [
            {
              "thor_hammer" : "query.get_equipped_item_name == 'thor_hammer' && query.is_using_item"
            }
          ]
        },
        "thor_hammer" : {
          "on_entry" : [
            "/function thor_hammer"
          ],
          "transitions" : [
            {
              "default" : "query.get_equipped_item_name == 'thor_hammer' && query.is_using_item"
            }
          ]
        }
      }
    }
  },
  "format_version" : "1.10.0"
}