{
  "minecraft:entity" : {
    "components" : {
      "minecraft:projectile" : {
        "offset" : [
          0,
          0,
          0
        ],
        "uncertaintyMultiplier" : 6,
        "gravity" : 0.05000000074505806,
        "onHit" : {
          "impact_damage" : {
            "damage" : 8,
            "knockback" : true,
            "destroyonhit" : true,
            "semi_random_diff_damage" : false
          },
          "spawn_chance" : {
            "secondSpawnCount" : 1,
            "spawnMob" : "",
            "firstSpawnCount" : 1,
            "spawnDefinition" : "",
            "secondSpawnChance" : 1,
            "spawnBaby" : false,
            "firstSpawnChance" : 1
          },
          "stick_in_ground" : {
            "shake_time" : 0.34999999999999998
          }
        },
        "power" : 1.6000000238418579,
        "catch_fire" : false,
        "inertia" : 1.5,
        "reflectOnHurt" : true,
        "uncertaintyBase" : 6
      },
      "minecraft:physics" : {

      },
      "minecraft:explode" : {
        "fuseLength" : 2.3999999999999999,
        "power" : 0,
        "fuseLit" : true,
        "causesFire" : false
      },
      "minecraft:type_family" : {
        "family" : [
          "bullet"
        ]
      },
      "minecraft:collision_box" : {
        "width" : 0.01,
        "height" : 0.01
      },
      "minecraft:scale" : {
        "value" : 0.40000000000000002
      },
      "minecraft:pushable" : {
        "is_pushable" : false,
        "is_pushable_by_piston" : true
      }
    },
    "description" : {
      "is_spawnable" : false,
      "is_summonable" : true,
      "identifier" : "bullet:batarang",
      "is_experimental" : false,
      "runtime_identifier" : "minecraft:snowball"
    }
  },
  "format_version" : "1.10.0"
}