{
  "minecraft:entity" : {
    "components" : {
      "minecraft:player.level" : {
        "value" : 0,
        "max" : 24791
      },
      "minecraft:physics" : {

      },
      "minecraft:movement" : {
        "value" : 0.10000000000000001
      },
      "minecraft:player.exhaustion" : {
        "value" : 0,
        "max" : 4
      },
      "minecraft:loot" : {
        "table" : "loot_tables\/empty.json"
      },
      "minecraft:collision_box" : {
        "width" : 0.59999999999999998,
        "height" : 1.8
      },
      "minecraft:breathable" : {
        "suffocateTime" : -1,
        "inhaleTime" : 3.75,
        "generatesBubbles" : false,
        "totalSupply" : 15
      },
      "minecraft:attack" : {
        "damage" : 1
      },
      "minecraft:nameable" : {
        "allowNameTagRenaming" : false,
        "alwaysShow" : true
      },
      "minecraft:can_climb" : {

      },
      "minecraft:player.saturation" : {
        "value" : 20
      },
      "minecraft:player.experience" : {
        "value" : 0,
        "max" : 1
      },
      "minecraft:insomnia" : {
        "days_until_insomnia" : 3
      },
      "minecraft:environment_sensor" : [
        {
          "on_environment" : {
            "filters" : {
              "any_of" : [
                {
                  "subject" : "self",
                  "value" : "player",
                  "test" : "is_family"
                }
              ]
            },
            "event" : "craftycraft:refresh_player"
          }
        },
        {
          "on_environment" : {
            "filters" : {
              "all_of" : [
                {
                  "test" : "has_equipment",
                  "subject" : "self",
                  "value" : "cc:captain_america",
                  "domain" : "hand"
                }
              ]
            },
            "event" : "cc:captain_america_event_hold"
          }
        },
        {
          "on_environment" : {
            "filters" : {
              "all_of" : [
                {
                  "test" : "has_equipment",
                  "subject" : "self",
                  "value" : "cc:captain_america",
                  "domain" : "head"
                }
              ]
            },
            "event" : "cc:captain_america_event_play"
          }
        },
        {
          "on_environment" : {
            "filters" : {
              "all_of" : [
                {
                  "test" : "has_equipment",
                  "subject" : "self",
                  "value" : "cc:bat_man_armor",
                  "domain" : "hand"
                }
              ]
            },
            "event" : "cc:bat_man_armor_event_hold"
          }
        },
        {
          "on_environment" : {
            "filters" : {
              "all_of" : [
                {
                  "test" : "has_equipment",
                  "subject" : "self",
                  "value" : "cc:bat_man_armor",
                  "domain" : "head"
                }
              ]
            },
            "event" : "cc:bat_man_armor_event_play"
          }
        },
        {
          "on_environment" : {
            "filters" : {
              "any_of" : [
                {
                  "subject" : "self",
                  "value" : "player",
                  "test" : "is_family"
                }
              ]
            },
            "event" : "normal"
          }
        },
        {
          "on_environment" : {
            "filters" : {
              "all_of" : [
                {
                  "test" : "has_equipment",
                  "subject" : "self",
                  "value" : "cc:bat_bomb",
                  "domain" : "hand"
                }
              ]
            },
            "event" : "ammo:1"
          }
        },
        {
          "on_environment" : {
            "filters" : {
              "all_of" : [
                {
                  "test" : "has_equipment",
                  "subject" : "self",
                  "value" : "cc:hulk_armor",
                  "domain" : "hand"
                }
              ]
            },
            "event" : "cc:hulk_armor_event_hold"
          }
        },
        {
          "on_environment" : {
            "filters" : {
              "all_of" : [
                {
                  "test" : "has_equipment",
                  "subject" : "self",
                  "value" : "cc:hulk_armor",
                  "domain" : "head"
                }
              ]
            },
            "event" : "cc:hulk_armor_event_play"
          }
        },
        {
          "on_environment" : {
            "filters" : {
              "all_of" : [
                {
                  "test" : "has_equipment",
                  "subject" : "self",
                  "value" : "cc:dead_pool_armor",
                  "domain" : "hand"
                }
              ]
            },
            "event" : "cc:dead_pool_armor_event_hold"
          }
        },
        {
          "on_environment" : {
            "filters" : {
              "all_of" : [
                {
                  "test" : "has_equipment",
                  "subject" : "self",
                  "value" : "cc:dead_pool_armor",
                  "domain" : "head"
                }
              ]
            },
            "event" : "cc:dead_pool_armor_event_play"
          }
        },
        {
          "on_environment" : {
            "filters" : {
              "all_of" : [
                {
                  "test" : "has_equipment",
                  "subject" : "self",
                  "value" : "cc:batarang",
                  "domain" : "hand"
                }
              ]
            },
            "event" : "ammo:1"
          }
        },
        {
          "on_environment" : {
            "filters" : {
              "all_of" : [
                {
                  "test" : "has_equipment",
                  "subject" : "self",
                  "value" : "cc:green_arrows_bow",
                  "domain" : "hand"
                }
              ]
            },
            "event" : "ammo:1"
          }
        },
        {
          "on_environment" : {
            "filters" : {
              "all_of" : [
                {
                  "test" : "has_equipment",
                  "subject" : "self",
                  "value" : "cc:the_flash_armor",
                  "domain" : "hand"
                }
              ]
            },
            "event" : "cc:the_flash_armor_event_hold"
          }
        },
        {
          "on_environment" : {
            "filters" : {
              "all_of" : [
                {
                  "test" : "has_equipment",
                  "subject" : "self",
                  "value" : "cc:the_flash_armor",
                  "domain" : "head"
                }
              ]
            },
            "event" : "cc:the_flash_armor_event_play"
          }
        },
        {
          "on_environment" : {
            "filters" : {
              "all_of" : [
                {
                  "test" : "has_equipment",
                  "subject" : "self",
                  "value" : "cc:iron_man_armor",
                  "domain" : "hand"
                }
              ]
            },
            "event" : "cc:iron_man_armor_event_hold"
          }
        },
        {
          "on_environment" : {
            "filters" : {
              "all_of" : [
                {
                  "test" : "has_equipment",
                  "subject" : "self",
                  "value" : "cc:iron_man_armor",
                  "domain" : "head"
                }
              ]
            },
            "event" : "cc:iron_man_armor_event_play"
          }
        },
        {
          "on_environment" : {
            "filters" : {
              "all_of" : [
                {
                  "test" : "has_equipment",
                  "subject" : "self",
                  "value" : "cc:deadpool_sword",
                  "domain" : "hand"
                }
              ]
            },
            "event" : "cc:deadpool_sword_event"
          }
        },
        {
          "on_environment" : {
            "filters" : {
              "all_of" : [
                {
                  "test" : "has_equipment",
                  "subject" : "self",
                  "value" : "cc:wolverins_blades",
                  "domain" : "hand"
                }
              ]
            },
            "event" : "cc:wolverins_blades_event"
          }
        }
      ],
      "minecraft:type_family" : {
        "family" : [
          "player"
        ]
      },
      "minecraft:is_hidden_when_invisible" : {

      },
      "minecraft:scaffolding_climber" : {

      },
      "minecraft:rideable" : {
        "seats" : [
          {
            "max_rider_count" : 0,
            "min_rider_count" : 0,
            "position" : [
              0.40000000000000002,
              -0.14999999999999999,
              0.040000000000000001
            ],
            "lock_rider_rotation" : 0
          },
          {
            "max_rider_count" : 2,
            "min_rider_count" : 1,
            "position" : [
              -0.40000000000000002,
              -0.14999999999999999,
              0.040000000000000001
            ],
            "lock_rider_rotation" : 0
          }
        ],
        "seat_count" : 2,
        "family_types" : [
          "parrot_tame"
        ],
        "pull_in_entities" : true
      }
    },
    "component_groups" : {
      "cc:bat_man_armor_event_hold" : {
        "minecraft:is_chested" : {

        }
      },
      "green_arrows_bow:fire" : {
        "minecraft:spawn_entity" : [
          {
            "min_wait_time" : 0,
            "num_to_spawn" : 1,
            "spawn_entity" : "bullet:green_arrows_bow",
            "max_wait_time" : 0,
            "single_use" : true
          }
        ]
      },
      "cc:captain_america_event_play" : {
        "minecraft:health" : {
          "value" : 25,
          "max" : 25
        },
        "minecraft:spell_effects" : {
          "add_effects" : [
            {
              "display_on_screen_animation" : false,
              "duration" : 6000,

              "amplifier": 2,

              "effect" : "village_hero"
            },
            {
              "display_on_screen_animation" : false,

              "amplifier": 2,

              "duration" : 6000,
              "effect" : "regeneration"
            },
            {
              "display_on_screen_animation" : false,
              "duration" : 6000,

              "amplifier": 25,

              "effect" : "strength"
            }
          ]
        },
        "minecraft:movement" : {
          "value" : 0.15000000596046448
        }
      },
      "cc:the_flash_armor_event_play" : {
        "minecraft:health" : {
          "value" : 20,
          "max" : 20
        },
        "minecraft:spell_effects" : {
          "add_effects" : [

          ]
        },
        "minecraft:movement" : {
          "value" : 0.30
        }
      },
      "minecraft:clear_bad_omen_spell_effect" : {
        "minecraft:spell_effects" : {

        }
      },
      "craftycraft:respawn" : {
        "minecraft:collision_box" : {
          "width" : 0.59999999999999998,
          "height" : 1.8
        },
        "minecraft:health" : {
          "value" : 20,
          "max" : 20
        },
        "minecraft:attack" : {
          "damage" : 1
        },
        "minecraft:movement" : {
          "value" : 0.10000000000000001
        },
        "minecraft:spell_effects" : {
          "remove_effects" : [
            "village_hero",
            "regeneration",
            "strength",
            "night_vision",
            "jump_boost",
            "resistance",
            "fire_resistance",
            "village_hero",
            "resistance",
            "fire_resistance",
            "jump_boost",
            "water_breathing",
            "strength"
          ]
        }
      },
      "cc:dead_pool_armor_event_hold" : {
        "minecraft:is_chested" : {

        }
      },
      "cc:iron_man_armor_event_hold" : {
        "minecraft:is_chested" : {

        }
      },
      "bat_bomb:fire" : {
        "minecraft:spawn_entity" : [
          {
            "min_wait_time" : 0,
            "num_to_spawn" : 1,
            "spawn_entity" : "bullet:bat_bomb",
            "max_wait_time" : 0,
            "single_use" : true
          }
        ]
      },
      "cc:deadpool_sword" : {
        "minecraft:health" : {
          "value" : 20,
          "max" : 20
        },
        "minecraft:attack" : {
          "damage" : 25,
          "effect_name" : 25
        },
        "minecraft:movement" : {
          "value" : 0.10000000149011612
        },
        "minecraft:spell_effects" : {
          "add_effects" : [

          ]
        }
      },
      "minecraft:add_bad_omen" : {
        "minecraft:spell_effects" : {
          "add_effects" : [
            {
              "display_on_screen_animation" : true,
              "duration" : 6000,
              "effect" : "bad_omen"
            }
          ]
        },
        "minecraft:timer" : {
          "looping" : false,
          "time" : [
            0,
            0
          ],
          "time_down_event" : {
            "event" : "minecraft:clear_add_bad_omen",
            "target" : "self"
          }
        }
      },
      "cc:the_flash_armor_event_hold" : {
        "minecraft:is_chested" : {

        }
      },
      "cc:captain_america_event_hold" : {
        "minecraft:is_chested" : {

        }
      },
      "batarang:fire" : {
        "minecraft:spawn_entity" : [
          {
            "min_wait_time" : 0,
            "num_to_spawn" : 1,
            "spawn_entity" : "bullet:batarang",
            "max_wait_time" : 0,
            "single_use" : true
          }
        ]
      },
      "cc:bat_man_armor_event_play" : {
        "minecraft:health" : {
          "value" : 25,
          "max" : 25
        },
        "minecraft:spell_effects" : {
          "add_effects" : [
            {
              "duration" : 6000,

              "amplifier": 4,

              "effect" : "night_vision",
              "display_on_screen_animation" : false
            }
          ]
        },
        "minecraft:movement" : {
          "value" : 0.11999999731779099
        }
      },
      "cc:wolverins_blades" : {
        "minecraft:health" : {
          "value" : 20,
          "max" : 20
        },
        "minecraft:attack" : {
          "effect_name" : 8,
          "damage" : 8
        },
        "minecraft:movement" : {
          "value" : 0.10000000149011612
        },
        "minecraft:spell_effects" : {
          "add_effects" : [

          ]
        }
      },
      "cc:hulk_armor_event_hold" : {
        "minecraft:is_chested" : {

        }
      },
      "cc:hulk_armor_event_play" : {
        "minecraft:health" : {
          "value" : 25,
          "max" : 25
        },
        "minecraft:spell_effects" : {
          "add_effects" : [
            {
              "effect" : "jump_boost",

              "amplifier": 5,

              "duration" : 6000,
              "display_on_screen_animation" : false
            },
            {
              "effect" : "resistance",

              "amplifier": 5,

              "duration" : 6000,
              "display_on_screen_animation" : false
            },
            {
              "effect" : "fire_resistance",
              "duration" : 6000,
              "display_on_screen_animation" : false
            }
          ]
        },
        "minecraft:movement" : {
          "value" : 0.15000000596046448
        }
      },
      "cc:iron_man_armor_event_play" : {
        "minecraft:health" : {
          "value" : 40,
          "max" : 40
        },
        "minecraft:spell_effects" : {
          "add_effects" : [
            {
              "display_on_screen_animation" : false,

              "amplifier": 3,

              "duration" : 6000,
              "effect" : "jump_boost"
            },
            {
              "display_on_screen_animation" : false,

              "amplifier": 1,

              "duration" : 6000,
              "effect" : "water_breathing"
            },
            {
              "display_on_screen_animation" : false,

              "amplifier": 25,

              "duration" : 6000,
              "effect" : "strength"
            }
          ]
        },
        "minecraft:movement" : {
          "value" : 0.11999999731779099
        }
      },
      "ammo:1" : {
        "minecraft:mark_variant" : {
          "value" : 1
        },
        "minecraft:attack" : {
          "damage" : 1
        },
        "minecraft:movement" : {
          "value" : 0.10000000000000001
        }
      },
      "minecraft:raid_trigger" : {
        "minecraft:raid_trigger" : {
          "triggered_event" : {
            "event" : "minecraft:remove_raid_trigger",
            "target" : "self"
          }
        },
        "minecraft:spell_effects" : {
          "remove_effects" : "bad_omen"
        }
      },
      "cc:dead_pool_armor_event_play" : {
        "minecraft:health" : {
          "value" : 120,
          "max" : 120
        },
        "minecraft:spell_effects" : {
          "add_effects" : [
            {
              "display_on_screen_animation" : false,
              "duration" : 6000,
              "effect" : "village_hero"
            },
            {
              "display_on_screen_animation" : false,

              "amplifier": 5,

              "duration" : 6000,
              "effect" : "resistance"
            },
            {
              "display_on_screen_animation" : false,
              "duration" : 6000,
              "effect" : "fire_resistance"
            }
          ]
        },
        "minecraft:movement" : {
          "value" : 0.15000000596046448
        }
      },
      "normal" : {
        "minecraft:mark_variant" : {
          "value" : 1027
        },
        "minecraft:variant" : {
          "value" : 0
        },
        "minecraft:movement" : {
          "value" : 0.10000000000000001
        },
        "minecraft:attack" : {
          "damage" : 1
        }
      }
    },
    "description" : {
      "animations" : {

        "thor_hammer" : "controller.animation.thor_hammer",


        "cc:dead_pool_armor" : "controller.animation.cc_dead_pool_armor",
        "cc:hulk_armor" : "controller.animation.cc_hulk_armor",
        "bat_bomb" : "controller.animation.bat_bomb",
        "walk" : "controller.animation.walk",
        "emeraldarmor" : "controller.animation.emeraldarmor",
        "cc:iron_man_armor" : "controller.animation.cc_iron_man_armor",
        "cc:bat_man_armor" : "controller.animation.cc_bat_man_armor",
        "cc:captain_america" : "controller.animation.cc_captain_america",
        "green_arrows_bow" : "controller.animation.green_arrows_bow",
        "batarang" : "controller.animation.batarang",
        "cc:the_flash_armor" : "controller.animation.cc_the_flash_armor"
      },
      "scripts" : {
        "animate" : [
          "walk",

          "thor_hammer",

          "emeraldarmor",
          "cc:captain_america",
          "cc:bat_man_armor",
          "bat_bomb",
          "cc:hulk_armor",
          "cc:dead_pool_armor",
          "batarang",
          "green_arrows_bow",
          "cc:the_flash_armor",
          "cc:iron_man_armor"
        ]
      },
      "is_spawnable" : false,
      "is_summonable" : false,
      "identifier" : "minecraft:player",
      "is_experimental" : false
    },
    "events" : {
      "cc:bat_man_armor_event_hold" : {
        "add" : {
          "component_groups" : [
            "cc:bat_man_armor_event_hold"
          ]
        },
        "remove" : {

        }
      },
      "green_arrows_bow:fire" : {
        "add" : {
          "component_groups" : [
            "green_arrows_bow:fire"
          ]
        }
      },
      "cc:captain_america_event_play" : {
        "add" : {
          "component_groups" : [
            "cc:captain_america_event_play"
          ]
        },
        "remove" : {

        }
      },
      "cc:the_flash_armor_event_play" : {
        "add" : {
          "component_groups" : [
            "cc:the_flash_armor_event_play"
          ]
        },
        "remove" : {

        }
      },
      "cc:wolverins_blades_event" : {
        "add" : {
          "component_groups" : [
            "cc:wolverins_blades"
          ]
        },
        "remove" : {

        }
      },
      "minecraft:entity_spawned" : {
        "add" : {
          "component_groups" : [
            "craftycraft:respawn"
          ]
        },
        "remove" : {

        }
      },
      "cc:dead_pool_armor_event_hold" : {
        "add" : {
          "component_groups" : [
            "cc:dead_pool_armor_event_hold"
          ]
        },
        "remove" : {

        }
      },
      "bat_bomb:fire" : {
        "add" : {
          "component_groups" : [
            "bat_bomb:fire"
          ]
        }
      },
      "craftycraft:refresh_player" : {
        "add" : {
          "component_groups" : [
            "craftycraft:respawn"
          ]
        },
        "remove" : {
          "component_groups" : [

          ]
        }
      },
      "cc:iron_man_armor_event_hold" : {
        "add" : {
          "component_groups" : [
            "cc:iron_man_armor_event_hold"
          ]
        },
        "remove" : {

        }
      },
      "cc:captain_america_event_hold" : {
        "add" : {
          "component_groups" : [
            "cc:captain_america_event_hold"
          ]
        },
        "remove" : {

        }
      },
      "cc:the_flash_armor_event_hold" : {
        "add" : {
          "component_groups" : [
            "cc:the_flash_armor_event_hold"
          ]
        },
        "remove" : {

        }
      },
      "minecraft:clear_add_bad_omen" : {
        "add" : {
          "component_groups" : [
            "minecraft:clear_bad_omen_spell_effect"
          ]
        },
        "remove" : {
          "component_groups" : [
            "minecraft:add_bad_omen"
          ]
        }
      },
      "batarang:fire" : {
        "add" : {
          "component_groups" : [
            "batarang:fire"
          ]
        }
      },
      "cc:bat_man_armor_event_play" : {
        "add" : {
          "component_groups" : [
            "cc:bat_man_armor_event_play"
          ]
        },
        "remove" : {

        }
      },
      "cc:deadpool_sword_event" : {
        "add" : {
          "component_groups" : [
            "cc:deadpool_sword"
          ]
        },
        "remove" : {

        }
      },
      "cc:hulk_armor_event_hold" : {
        "add" : {
          "component_groups" : [
            "cc:hulk_armor_event_hold"
          ]
        },
        "remove" : {

        }
      },
      "cc:hulk_armor_event_play" : {
        "add" : {
          "component_groups" : [
            "cc:hulk_armor_event_play"
          ]
        },
        "remove" : {

        }
      },
      "minecraft:gain_bad_omen" : {
        "add" : {
          "component_groups" : [
            "minecraft:add_bad_omen"
          ]
        }
      },
      "minecraft:trigger_raid" : {
        "add" : {
          "component_groups" : [
            "minecraft:raid_trigger"
          ]
        }
      },
      "minecraft:remove_raid_trigger" : {
        "remove" : {
          "component_groups" : [
            "minecraft:raid_trigger"
          ]
        }
      },
      "cc:iron_man_armor_event_play" : {
        "add" : {
          "component_groups" : [
            "cc:iron_man_armor_event_play"
          ]
        },
        "remove" : {

        }
      },
      "ammo:1" : {
        "add" : {
          "component_groups" : [
            "ammo:1"
          ]
        },
        "remove" : {
          "component_groups" : [
            "ammo:1"
          ]
        }
      },
      "cc:dead_pool_armor_event_play" : {
        "add" : {
          "component_groups" : [
            "cc:dead_pool_armor_event_play"
          ]
        },
        "remove" : {

        }
      },
      "normal" : {
        "add" : {
          "component_groups" : [
            "normal"
          ]
        }
      }
    }
  },
  "format_version" : "1.11.0"
}