{
  "minecraft:client_entity" : {
    "description" : {
      "render_controllers" : [
        "controller.render.slime"
      ],
      "materials" : {
        "default" : "slime"
      },
      "geometry" : {
        "default" : "geometry.cc_shoot"
      },
      "animations" : {
        "move" : "animation.ccgreen_arrows_bow.move"
      },
      "spawn_egg" : {
        "texture" : "spawn_egg",
        "texture_index" : 99
      },
      "identifier" : "bullet:green_arrows_bow",
      "scripts" : {
        "animate" : [
          "move"
        ]
      },
      "textures" : {
        "default" : "textures\/items\/craftycraft\/cc_green_arrows_bow_bullet"
      }
    }
  },
  "format_version" : "1.10.0"
}