{
  "minecraft:item" : {
    "components" : {
      "minecraft:creative_category" : {
        "parent" : "itemGroup.name.sword"
      },
      "tag:minecraft:is_sword" : {

      },
      "minecraft:can_destroy_in_creative" : false,
      "minecraft:damage" : 8,
      "minecraft:max_stack_size" : 1,
      "minecraft:foil" : false,
      "minecraft:repairable" : {
        "repair_items" : [
          {
            "items" : [
              "minecraft:emerald",
              "cc:wolverins_blades"
            ],
            "repair_amount" : 10
          }
        ]
      },
      "minecraft:enchantable" : {
        "value" : 15,
        "slot" : "sword"
      },
      "minecraft:hand_equipped" : true,
      "minecraft:icon" : {
        "texture" : "cc:wolverins_blades"
      },
      "minecraft:allow_off_hand" : true,
      "minecraft:durability" : {
        "max_durability" : 1024
      },
      "minecraft:weapon" : {
        "on_hurt_entity" : {
          "event" : "hurt"
        },
        "on_not_hurt_entity" : {
          "event" : "hurt"
        },
        "on_hit_block" : {
          "event" : "hurt"
        }
      },
      "minecraft:display_name" : {

      },
      "minecraft:mining_speed" : 1,
      "minecraft:render_offsets" : "tools"
    },
    "description" : {
      "category" : "equipment",
      "identifier" : "cc:wolverins_blades"
    }
  },
  "format_version" : "1.16.100"
}