{
  "minecraft:geometry" : [
    {
      "bones" : [
        {
          "cubes" : [
            {
              "origin" : [
                -4,
                24,
                -4
              ],
              "orig_uv" : [
                0,
                0
              ],
              "orig_size" : [
                8,
                8,
                8
              ],
              "uv" : [
                0,
                0
              ],
              "size" : [
                8,
                8,
                8
              ],
              "inflate" : 0.59999999999999998,
              "render_order" : 27.600000143051147
            },
            {
              "origin" : [
                -4,
                24,
                -4
              ],
              "orig_uv" : [
                32,
                0
              ],
              "orig_size" : [
                8,
                8,
                8
              ],
              "uv" : [
                32,
                0
              ],
              "size" : [
                8,
                8,
                8
              ],
              "inflate" : 1.2,
              "render_order" : 31.200000286102295
            }
          ],
          "name" : "head",
          "pivot" : [
            0,
            24,
            0
          ]
        },
        {
          "cubes" : [
            {
              "origin" : [
                -4,
                12,
                -2
              ],
              "orig_uv" : [
                64,
                0
              ],
              "orig_size" : [
                8,
                12,
                4
              ],
              "uv" : [
                64,
                0
              ],
              "size" : [
                8,
                12,
                4
              ],
              "inflate" : 0.59999999999999998,
              "render_order" : 27.600000143051147
            }
          ],
          "name" : "body",
          "pivot" : [
            0,
            24,
            0
          ]
        },
        {
          "cubes" : [
            {
              "origin" : [
                -8,
                12,
                -2
              ],
              "orig_uv" : [
                88,
                0
              ],
              "orig_size" : [
                4,
                12,
                4
              ],
              "uv" : [
                88,
                0
              ],
              "size" : [
                4,
                12,
                4
              ],
              "inflate" : 0.59999999999999998,
              "render_order" : 23.600000143051147
            }
          ],
          "name" : "rightArm",
          "pivot" : [
            -5,
            22,
            0
          ]
        },
        {
          "cubes" : [
            {
              "origin" : [
                4,
                12,
                -2
              ],
              "orig_uv" : [
                104,
                0
              ],
              "orig_size" : [
                4,
                12,
                4
              ],
              "uv" : [
                104,
                0
              ],
              "size" : [
                4,
                12,
                4
              ],
              "inflate" : 0.59999999999999998,
              "render_order" : 23.600000143051147
            }
          ],
          "mirror" : true,
          "name" : "leftArm",
          "pivot" : [
            5,
            22,
            0
          ]
        },
        {
          "cubes" : [
            {
              "origin" : [
                -4.25,
                2,
                -2
              ],
              "orig_uv" : [
                120,
                0
              ],
              "orig_size" : [
                4,
                10,
                4
              ],
              "uv" : [
                120,
                0
              ],
              "size" : [
                4,
                10,
                4
              ],
              "inflate" : 0.59999999999999998,
              "render_order" : 21.600000143051147
            }
          ],
          "name" : "rightLeg",
          "pivot" : [
            -1.8999999999999999,
            12,
            0
          ]
        },
        {
          "cubes" : [
            {
              "origin" : [
                0.25,
                2,
                -2
              ],
              "orig_uv" : [
                136,
                0
              ],
              "orig_size" : [
                4,
                10,
                4
              ],
              "uv" : [
                136,
                0
              ],
              "size" : [
                4,
                10,
                4
              ],
              "inflate" : 0.59999999999999998,
              "render_order" : 21.600000143051147
            }
          ],
          "mirror" : true,
          "name" : "leftLeg",
          "pivot" : [
            1.8999999999999999,
            12,
            0
          ]
        },
        {
          "cubes" : [
            {
              "origin" : [
                0.25,
                0,
                -2
              ],
              "orig_uv" : [
                152,
                0
              ],
              "orig_size" : [
                4,
                2,
                4
              ],
              "uv" : [
                152,
                0
              ],
              "size" : [
                4,
                2,
                4
              ],
              "inflate" : 0.59999999999999998,
              "render_order" : 13.600000143051147
            }
          ],
          "mirror" : true,
          "name" : "leftLeg",
          "pivot" : [
            1.8999999999999999,
            12,
            0
          ]
        },
        {
          "cubes" : [
            {
              "origin" : [
                -4.25,
                0,
                -2
              ],
              "orig_uv" : [
                168,
                0
              ],
              "orig_size" : [
                4,
                2,
                4
              ],
              "uv" : [
                168,
                0
              ],
              "size" : [
                4,
                2,
                4
              ],
              "inflate" : 0.59999999999999998,
              "render_order" : 13.600000143051147
            }
          ],
          "name" : "rightLeg",
          "pivot" : [
            -1.8999999999999999,
            12,
            0
          ]
        }
      ],
      "description" : {
        "visible_bounds_width" : 2,
        "visible_bounds_offset" : [
          0,
          0.5,
          0
        ],
        "visible_bounds_height" : 1,
        "texturewidth" : 184,
        "textureheight" : 16,
        "texture_height" : 16,
        "identifier" : "geometry.the_flash_armor",
        "texture_width" : 184
      }
    }
  ],
  "format_version" : "1.12.0"
}